tool	version	poseidonVersion
janno	1.0.0	2.7.1
janno	1.0.0	2.7.0
janno	0.11.1	2.6.0
janno	0.11.0	2.6.0
janno	0.10.1	2.6.0
janno	0.10.0	2.6.0
janno	0.9.1	2.6.0
janno	0.9.0	2.5.0
janno	0.8.0	2.5.0
janno	0.7.2	2.5.0
janno	0.7.1	2.5.0
janno	0.7.0	2.5.0
janno	0.6.0	2.5.0
janno	0.5.0	2.4.0
janno	0.4.2	2.4.0
janno	0.4.1	2.4.0
janno	0.4.0	2.4.0
qjanno	1.0.0.0	2.7.1
qjanno	1.0.0.0	2.7.0
qjanno	1.0.0.0	2.6.0
qjanno	1.0.0.0	2.5.0
qjanno	1.0.0.0	2.4.0
qjanno	1.0.0	2.7.1
qjanno	1.0.0	2.7.0
qjanno	1.0.0	2.6.0
qjanno	1.0.0	2.5.0
qjanno	1.0.0	2.4.0
trident	1.5.0.1	2.7.1
trident	1.5.0.1	2.7.0
trident	1.5.0.1	2.6.0
trident	1.5.0.1	2.5.0
trident	1.5.0.0	2.7.1
trident	1.5.0.0	2.7.0
trident	1.5.0.0	2.6.0
trident	1.5.0.0	2.5.0
trident	1.4.1.0	2.7.1
trident	1.4.1.0	2.7.0
trident	1.4.1.0	2.6.0
trident	1.4.1.0	2.5.0
trident	1.4.0.3	2.7.1
trident	1.4.0.3	2.7.0
trident	1.4.0.3	2.6.0
trident	1.4.0.3	2.5.0
trident	1.4.0.2	2.7.1
trident	1.4.0.2	2.7.0
trident	1.4.0.2	2.6.0
trident	1.4.0.2	2.5.0
trident	1.3.0.4	2.7.1
trident	1.3.0.4	2.7.0
trident	1.3.0.4	2.6.0
trident	1.3.0.4	2.5.0
trident	1.2.1.0	2.7.1
trident	1.2.1.0	2.7.0
trident	1.2.1.0	2.6.0
trident	1.2.1.0	2.5.0
trident	1.2.0.0	2.7.1
trident	1.2.0.0	2.7.0
trident	1.2.0.0	2.6.0
trident	1.2.0.0	2.5.0
trident	1.1.12.0	2.7.1
trident	1.1.12.0	2.7.0
trident	1.1.12.0	2.6.0
trident	1.1.12.0	2.5.0
trident	1.1.11.4	2.7.0
trident	1.1.11.4	2.6.0
trident	1.1.11.4	2.5.0
trident	1.1.11.0	2.7.0
trident	1.1.11.0	2.6.0
trident	1.1.11.0	2.5.0
trident	1.1.10.2	2.6.0
trident	1.1.10.2	2.5.0
trident	1.1.11.0	2.5.0
trident	1.1.7.0	2.6.0
trident	1.1.7.0	2.5.0
trident	1.1.6.0	2.6.0
trident	1.1.6.0	2.5.0
trident	1.1.4.2	2.6.0
trident	1.1.4.2	2.5.0
trident	1.1.3.0	2.5.0
trident	1.1.1.1	2.5.0
trident	1.1.0.0	2.5.0
trident	1.0.0.0	2.5.0
trident	0.29.0	2.5.0
trident	0.28.0	2.5.0
trident	0.27.0	2.5.0
trident	0.26.3	2.5.0
trident	0.26.1	2.5.0
trident	0.25.0	2.4.0
trident	0.24.0	2.4.0
trident	0.23.1	2.4.0
trident	0.22.0	2.4.0
trident	0.21.0	2.4.0
trident	0.20.0	2.4.0
trident	0.19.0	2.4.0
trident	0.18.1	2.4.0
trident	0.18.0	2.4.0
trident	0.17.4	2.4.0
trident	0.17.1	2.4.0
xerxes	1.0.1.1	2.7.1
xerxes	1.0.1.1	2.7.0
xerxes	1.0.1.1	2.6.0
xerxes	1.0.1.1	2.5.0
xerxes	1.0.1.0	2.7.1
xerxes	1.0.1.0	2.7.0
xerxes	1.0.1.0	2.6.0
xerxes	1.0.1.0	2.5.0
xerxes	1.0.0.2	2.7.1
xerxes	1.0.0.2	2.7.0
xerxes	1.0.0.2	2.6.0
xerxes	1.0.0.2	2.5.0
xerxes	1.0.0.1	2.7.1
xerxes	1.0.0.1	2.7.0
xerxes	1.0.0.1	2.6.0
xerxes	1.0.0.1	2.5.0
xerxes	0.3.4.0	2.7.1
xerxes	0.3.4.0	2.7.0
xerxes	0.3.4.0	2.6.0
xerxes	0.3.4.0	2.5.0
xerxes	0.3.2.0	2.7.0
xerxes	0.3.2.0	2.6.0
xerxes	0.3.2.0	2.5.0
xerxes	0.2.1.0	2.5.0
xerxes	0.2.0.0	2.5.0
xerxes	0.1.3.0	2.5.0
xerxes	0.1.2.2	2.5.0
xerxes	0.1.1.1	2.5.0
xerxes	0.1.1.0	2.5.0
xerxes	0.1.0.0	2.5.0
xerxes	0.0.1.1	2.5.0
xerxes	0.0.1.0	2.5.0
xerxes	0.0.0.4	2.5.0
xerxes	0.0.0.3	2.5.0
xerxes	0.0.0.2	2.5.0
xerxes	0.0.0.1	2.4.0
